[
  {
    "id": "65218469-7557-4253-85e3-c59bb64db5cc",
    "data": [
      {
        "text": "ㅇ",
        "userDefined": false
      }
    ],
    "isTemplate": false,
    "count": 0,
    "updated": 0
  },
  {
    "id": "9216a25b-2641-49e5-b00d-201a6f5b5d93",
    "data": [
      {
        "text": "ㅇㅇㅇ",
        "userDefined": false
      }
    ],
    "isTemplate": false,
    "count": 0,
    "updated": 0
  },
  {
    "id": "04e9d269-a27f-40de-ae68-abe4ddbb0a61",
    "data": [
      {
        "text": "ㅇㅇ",
        "userDefined": false
      }
    ],
    "isTemplate": false,
    "count": 0,
    "updated": 0
  },
  {
    "id": "6308651e-7a5b-4790-847a-fa3b627ba7c5",
    "data": [
      {
        "text": "응",
        "userDefined": false
      }
    ],
    "isTemplate": false,
    "count": 0,
    "updated": 0
  },
  {
    "id": "c8d06abd-82fb-49e5-ac46-e3cd7de8cf04",
    "data": [
      {
        "text": "그럼",
        "userDefined": false
      }
    ],
    "isTemplate": false,
    "count": 1,
    "updated": 0
  },
  {
    "id": "12a0e9ee-6fd0-471d-8faa-9d2106a1e81d",
    "data": [
      {
        "text": "확인",
        "userDefined": false
      }
    ],
    "isTemplate": false,
    "count": 1,
    "updated": 0
  },
  {
    "id": "f1871fc4-813e-4e0c-8ede-ac2fdef17553",
    "data": [
      {
        "text": "좋아",
        "userDefined": false
      }
    ],
    "isTemplate": false,
    "count": 1,
    "updated": 0
  },
  {
    "id": "d179b6dd-af62-4cb5-9cfb-bba846bca3a7",
    "data": [
      {
        "text": "물론",
        "userDefined": false
      }
    ],
    "isTemplate": false,
    "count": 2,
    "updated": 0
  },
  {
    "id": "94320ac7-4f24-4351-bdaa-e86e5a7c9107",
    "data": [
      {
        "text": "해",
        "userDefined": false
      }
    ],
    "isTemplate": false,
    "count": 1,
    "updated": 0
  },
  {
    "id": "7d12e2bd-0c3e-4c50-8fb2-6ec4ed97316e",
    "data": [
      {
        "text": "상관없어",
        "userDefined": false
      }
    ],
    "isTemplate": false,
    "count": 0,
    "updated": 0
  },
  {
    "id": "224a0691-58db-42d2-a827-81bd19673223",
    "data": [
      {
        "text": "바로 그거야",
        "userDefined": false
      }
    ],
    "isTemplate": false,
    "count": 2,
    "updated": 0
  },
  {
    "id": "d3b8a7b0-efa3-4208-9995-1f6bdc6c5187",
    "data": [
      {
        "text": "맞아",
        "userDefined": false
      }
    ],
    "isTemplate": false,
    "count": 2,
    "updated": 0
  },
  {
    "id": "5640262e-251d-4d16-8d2b-0be9015fffc0",
    "data": [
      {
        "text": "동의",
        "userDefined": false
      }
    ],
    "isTemplate": false,
    "count": 0,
    "updated": 0
  },
  {
    "id": "dbedb730-a53a-4653-b88d-38a6b77b7d24",
    "data": [
      {
        "text": "그래",
        "userDefined": false
      }
    ],
    "isTemplate": false,
    "count": 0,
    "updated": 0
  }
]