[
  {
    "id": "3116582e-5f54-4a11-a58e-7c9f1bf1ec3b",
    "data": [
      {
        "text": "ㅇ",
        "userDefined": false
      }
    ],
    "isTemplate": false,
    "count": 0,
    "updated": 0
  },
  {
    "id": "30223ba7-a7ed-4eb4-a3e8-0137295b0e8d",
    "data": [
      {
        "text": "ㅇㅇ",
        "userDefined": false
      }
    ],
    "isTemplate": false,
    "count": 0,
    "updated": 0
  },
  {
    "id": "aa7756aa-cc63-4eba-a51e-1a49e859028c",
    "data": [
      {
        "text": "ㅇㅇㅇ",
        "userDefined": false
      }
    ],
    "isTemplate": false,
    "count": 0,
    "updated": 0
  },
  {
    "id": "a3099d8b-5c52-4a3d-921b-b9de14091113",
    "data": [
      {
        "text": "응",
        "userDefined": false
      }
    ],
    "isTemplate": false,
    "count": 0,
    "updated": 0
  },
  {
    "id": "af4a5fd4-f868-482f-93f1-4c4acc9d540e",
    "data": [
      {
        "text": "그럼",
        "userDefined": false
      }
    ],
    "isTemplate": false,
    "count": 1,
    "updated": 0
  },
  {
    "id": "d1a9dd0c-863a-4710-9e70-1995466ff231",
    "data": [
      {
        "text": "확인",
        "userDefined": false
      }
    ],
    "isTemplate": false,
    "count": 1,
    "updated": 0
  },
  {
    "id": "e54712fb-ee88-4035-8f69-9e06aaad3e19",
    "data": [
      {
        "text": "좋아",
        "userDefined": false
      }
    ],
    "isTemplate": false,
    "count": 1,
    "updated": 0
  },
  {
    "id": "49da08a5-e817-4e9d-ab39-5f80e7a434e0",
    "data": [
      {
        "text": "물론",
        "userDefined": false
      }
    ],
    "isTemplate": false,
    "count": 2,
    "updated": 0
  },
  {
    "id": "d56db4b0-68f3-4593-92f1-b8630256c9db",
    "data": [
      {
        "text": "해",
        "userDefined": false
      }
    ],
    "isTemplate": false,
    "count": 1,
    "updated": 0
  },
  {
    "id": "c9d7997c-0a2e-4d43-8615-458ed1c7eace",
    "data": [
      {
        "text": "상관없어",
        "userDefined": false
      }
    ],
    "isTemplate": false,
    "count": 0,
    "updated": 0
  },
  {
    "id": "d97e721c-be92-42ef-b9b3-2c97bb01ee99",
    "data": [
      {
        "text": "바로 그거야",
        "userDefined": false
      }
    ],
    "isTemplate": false,
    "count": 2,
    "updated": 0
  },
  {
    "id": "b741a136-d65f-4b5f-b999-719ec7916b16",
    "data": [
      {
        "text": "맞아",
        "userDefined": false
      }
    ],
    "isTemplate": false,
    "count": 2,
    "updated": 0
  },
  {
    "id": "44e3d067-3c15-4549-b257-ce7e16d1cb6f",
    "data": [
      {
        "text": "동의",
        "userDefined": false
      }
    ],
    "isTemplate": false,
    "count": 0,
    "updated": 0
  },
  {
    "id": "d3c3b45b-a70d-4405-a8cc-937db97ffb2a",
    "data": [
      {
        "text": "그래",
        "userDefined": false
      }
    ],
    "isTemplate": false,
    "count": 0,
    "updated": 0
  }
]