[
  {
    "id": "4e1beeb0-702b-4113-8ac9-a2f0139f8c82",
    "data": [
      {
        "text": "가자",
        "userDefined": false
      }
    ],
    "isTemplate": false,
    "count": 0,
    "updated": 0
  },
  {
    "id": "fcfa6a4c-d3d5-43f3-86c9-235f916b45c2",
    "data": [
      {
        "text": "그래",
        "userDefined": false
      }
    ],
    "isTemplate": false,
    "count": 0,
    "updated": 0
  },
  {
    "id": "f5b64ee7-6eba-45f0-9093-a6270aceb073",
    "data": [
      {
        "text": "ㅇㅇ",
        "userDefined": false
      }
    ],
    "isTemplate": false,
    "count": 0,
    "updated": 0
  },
  {
    "id": "8436ee1e-1080-4cf1-bb96-33d77a82fc1c",
    "data": [
      {
        "text": "ㅇ응",
        "userDefined": false
      }
    ],
    "isTemplate": false,
    "count": 0,
    "updated": 0
  },
  {
    "id": "ae17760b-6a9f-4873-8244-4644c19d75a0",
    "data": [
      {
        "text": "네",
        "alias": "number",
        "meta": "@sys.number",
        "userDefined": false
      }
    ],
    "isTemplate": false,
    "count": 0,
    "updated": 0
  },
  {
    "id": "04de81f1-4bf3-451e-b8df-eef0748ee855",
    "data": [
      {
        "text": "다음 페이지",
        "userDefined": false
      }
    ],
    "isTemplate": false,
    "count": 1,
    "updated": 0
  },
  {
    "id": "266ce950-01a5-4644-838a-8e20f0a95f1c",
    "data": [
      {
        "text": "다음 결과",
        "userDefined": false
      }
    ],
    "isTemplate": false,
    "count": 1,
    "updated": 0
  },
  {
    "id": "cf1de26c-e900-48e0-87e0-9114a288fa36",
    "data": [
      {
        "text": "다음 페이지로 이동",
        "userDefined": false
      }
    ],
    "isTemplate": false,
    "count": 0,
    "updated": 0
  },
  {
    "id": "ab08fbff-95fd-4611-ad57-a872e3fc48a1",
    "data": [
      {
        "text": "다음",
        "userDefined": false
      }
    ],
    "isTemplate": false,
    "count": 0,
    "updated": 0
  },
  {
    "id": "a90daefc-51ba-4c34-9be6-318d8ea6c682",
    "data": [
      {
        "text": "다음을 보여줘",
        "userDefined": false
      }
    ],
    "isTemplate": false,
    "count": 1,
    "updated": 0
  },
  {
    "id": "bafc71cd-4644-48f4-b2c8-fdf798d36118",
    "data": [
      {
        "text": "다음 페이지를 보여줘",
        "userDefined": false
      }
    ],
    "isTemplate": false,
    "count": 0,
    "updated": 0
  },
  {
    "id": "3e84ce9e-15f1-470e-8b23-89f7f23e42c8",
    "data": [
      {
        "text": "앞으로",
        "userDefined": false
      }
    ],
    "isTemplate": false,
    "count": 0,
    "updated": 0
  },
  {
    "id": "c44ea3df-0331-4d03-b998-7accdb43bd29",
    "data": [
      {
        "text": "다음 결과를 보여줘",
        "userDefined": false
      }
    ],
    "isTemplate": false,
    "count": 0,
    "updated": 0
  },
  {
    "id": "b186df9d-da26-49be-8d67-874723bc4b6b",
    "data": [
      {
        "text": "다음 결과를 읽어줘",
        "userDefined": false
      }
    ],
    "isTemplate": false,
    "count": 0,
    "updated": 0
  },
  {
    "id": "b2193583-c7ba-48cf-a108-1e054900852f",
    "data": [
      {
        "text": "다음으로 이동",
        "userDefined": false
      }
    ],
    "isTemplate": false,
    "count": 0,
    "updated": 0
  }
]