[
  {
    "id": "11f5021c-45e1-4086-99ca-0334b0a4b6fb",
    "data": [
      {
        "text": "다음 페이지",
        "userDefined": false
      }
    ],
    "isTemplate": false,
    "count": 1,
    "updated": 0
  },
  {
    "id": "61d9e211-d0a4-44a5-82d4-972b7ec4b2cb",
    "data": [
      {
        "text": "다음 결과",
        "userDefined": false
      }
    ],
    "isTemplate": false,
    "count": 1,
    "updated": 0
  },
  {
    "id": "b1f2e4bd-0bf8-4f9b-abd8-8dbab018c8f7",
    "data": [
      {
        "text": "다음 페이지로 이동",
        "userDefined": false
      }
    ],
    "isTemplate": false,
    "count": 0,
    "updated": 0
  },
  {
    "id": "cd784b12-f30d-4dcc-82ab-9ee97205f6fd",
    "data": [
      {
        "text": "다음",
        "userDefined": false
      }
    ],
    "isTemplate": false,
    "count": 0,
    "updated": 0
  },
  {
    "id": "3bb13631-ac82-431d-872a-d6e9ddbbcde1",
    "data": [
      {
        "text": "다음을 보여줘",
        "userDefined": false
      }
    ],
    "isTemplate": false,
    "count": 1,
    "updated": 0
  },
  {
    "id": "dec52c60-d9fd-441e-ae55-e442dea775a4",
    "data": [
      {
        "text": "다음 페이지를 보여줘",
        "userDefined": false
      }
    ],
    "isTemplate": false,
    "count": 0,
    "updated": 0
  },
  {
    "id": "2337113f-d7b9-4e95-aea7-b30aa7db59b7",
    "data": [
      {
        "text": "앞으로",
        "userDefined": false
      }
    ],
    "isTemplate": false,
    "count": 0,
    "updated": 0
  },
  {
    "id": "1d957499-185c-4b96-a141-d7cac9bde12d",
    "data": [
      {
        "text": "다음 결과를 보여줘",
        "userDefined": false
      }
    ],
    "isTemplate": false,
    "count": 0,
    "updated": 0
  },
  {
    "id": "7082492a-2640-4501-a84a-22a3e1076a8d",
    "data": [
      {
        "text": "다음 결과를 읽어줘",
        "userDefined": false
      }
    ],
    "isTemplate": false,
    "count": 0,
    "updated": 0
  },
  {
    "id": "5f4a6747-0b1d-4c18-b735-a9ae156c05b4",
    "data": [
      {
        "text": "다음으로 이동",
        "userDefined": false
      }
    ],
    "isTemplate": false,
    "count": 0,
    "updated": 0
  }
]