[
  {
    "id": "31629ed3-3919-4d3d-b0c3-34aca4b4e4a8",
    "data": [
      {
        "text": "응",
        "userDefined": false
      }
    ],
    "isTemplate": false,
    "count": 0,
    "updated": 0
  },
  {
    "id": "b09b4a0a-a6c8-4860-87fd-48c78cf52311",
    "data": [
      {
        "text": "ㅇㅇ",
        "userDefined": false
      }
    ],
    "isTemplate": false,
    "count": 0,
    "updated": 0
  },
  {
    "id": "18b6c2c2-3d25-4423-87a0-d3ad951a7051",
    "data": [
      {
        "text": "가자",
        "userDefined": false
      }
    ],
    "isTemplate": false,
    "count": 0,
    "updated": 0
  },
  {
    "id": "9bac1aea-d69f-40e5-824f-984eb13b6614",
    "data": [
      {
        "text": "다음으로 이동",
        "userDefined": false
      }
    ],
    "isTemplate": false,
    "count": 2,
    "updated": 0
  },
  {
    "id": "39eb84cd-09f6-4d27-ab8e-11424b94b191",
    "data": [
      {
        "text": "다음 결과",
        "userDefined": false
      }
    ],
    "isTemplate": false,
    "count": 1,
    "updated": 0
  },
  {
    "id": "1840d6ee-90d3-4e4b-8583-b7c11e22a9d4",
    "data": [
      {
        "text": "다음 페이지로 이동",
        "userDefined": false
      }
    ],
    "isTemplate": false,
    "count": 0,
    "updated": 0
  },
  {
    "id": "c9460037-cfe8-44fb-9deb-8804152677cf",
    "data": [
      {
        "text": "다음",
        "userDefined": false
      }
    ],
    "isTemplate": false,
    "count": 0,
    "updated": 0
  },
  {
    "id": "bdd3726e-b83e-44e1-8aa6-1e1d22630313",
    "data": [
      {
        "text": "다음을 보여줘",
        "userDefined": false
      }
    ],
    "isTemplate": false,
    "count": 1,
    "updated": 0
  },
  {
    "id": "2d2e8a46-8c2f-45c0-8016-8e756227e41a",
    "data": [
      {
        "text": "다음 페이지를 보여줘",
        "userDefined": false
      }
    ],
    "isTemplate": false,
    "count": 0,
    "updated": 0
  },
  {
    "id": "d0858766-7172-40e9-a5ad-d4553355aa17",
    "data": [
      {
        "text": "앞으로",
        "userDefined": false
      }
    ],
    "isTemplate": false,
    "count": 0,
    "updated": 0
  },
  {
    "id": "3c32471d-fba2-4444-b45e-e43de70b29ac",
    "data": [
      {
        "text": "다음 결과를 보여줘",
        "userDefined": false
      }
    ],
    "isTemplate": false,
    "count": 0,
    "updated": 0
  },
  {
    "id": "a4e7812a-e9df-4a5c-8632-2e61a679d443",
    "data": [
      {
        "text": "다음 결과를 읽어줘",
        "userDefined": false
      }
    ],
    "isTemplate": false,
    "count": 0,
    "updated": 0
  }
]