[
  {
    "id": "05584587-ffee-421d-be07-5048c67c3b7b",
    "data": [
      {
        "text": "김치찌개",
        "alias": "food_list",
        "meta": "@food_list",
        "userDefined": true
      },
      {
        "text": " 먹자",
        "userDefined": false
      }
    ],
    "isTemplate": false,
    "count": 0,
    "updated": 0
  },
  {
    "id": "38111a43-2da1-41d1-8198-c4dd78ef6e30",
    "data": [
      {
        "text": "김치찌개",
        "alias": "food_list",
        "meta": "@food_list",
        "userDefined": true
      },
      {
        "text": "로 하자",
        "userDefined": false
      }
    ],
    "isTemplate": false,
    "count": 0,
    "updated": 0
  },
  {
    "id": "6546ffdc-9480-4887-aad0-f542f7341fe7",
    "data": [
      {
        "text": "돼지고기 ",
        "userDefined": false
      },
      {
        "text": "김치찌개",
        "alias": "food_list",
        "meta": "@food_list",
        "userDefined": true
      }
    ],
    "isTemplate": false,
    "count": 0,
    "updated": 0
  },
  {
    "id": "541832f0-956f-4e68-9d6b-2e02a96378b4",
    "data": [
      {
        "text": "참치 ",
        "userDefined": false
      },
      {
        "text": "김치찌개",
        "alias": "food_list",
        "meta": "@food_list",
        "userDefined": true
      }
    ],
    "isTemplate": false,
    "count": 0,
    "updated": 0
  },
  {
    "id": "ad488eca-ef20-46d2-b4fe-a3a642b10a1f",
    "data": [
      {
        "text": "김치찌개",
        "alias": "food_list",
        "meta": "@food_list",
        "userDefined": true
      },
      {
        "text": " 먹을래",
        "userDefined": false
      }
    ],
    "isTemplate": false,
    "count": 0,
    "updated": 0
  },
  {
    "id": "2496c6a0-a4ba-4529-8497-680a927974f0",
    "data": [
      {
        "text": "김치찌개",
        "alias": "food_list",
        "meta": "@food_list",
        "userDefined": true
      },
      {
        "text": " 할래",
        "userDefined": false
      }
    ],
    "isTemplate": false,
    "count": 0,
    "updated": 0
  },
  {
    "id": "bc124434-4b3b-4a3a-98ac-7899ed1808ad",
    "data": [
      {
        "text": "김치찌개",
        "alias": "food_list",
        "meta": "@food_list",
        "userDefined": true
      }
    ],
    "isTemplate": false,
    "count": 0,
    "updated": 0
  }
]