[
  {
    "id": "148af8da-04be-4cf9-a481-0afd89d92ca6",
    "data": [
      {
        "text": "다음 페이지",
        "userDefined": false
      }
    ],
    "isTemplate": false,
    "count": 1,
    "updated": 0
  },
  {
    "id": "8a5b3b50-5c43-4af0-927b-f1cf9a2fa984",
    "data": [
      {
        "text": "다음 결과",
        "userDefined": false
      }
    ],
    "isTemplate": false,
    "count": 1,
    "updated": 0
  },
  {
    "id": "7f3361ec-d9a0-44c1-b507-c8e0032faa17",
    "data": [
      {
        "text": "다음 페이지로 이동",
        "userDefined": false
      }
    ],
    "isTemplate": false,
    "count": 0,
    "updated": 0
  },
  {
    "id": "65c2eae3-ce65-4175-9d07-82569899f014",
    "data": [
      {
        "text": "다음",
        "userDefined": false
      }
    ],
    "isTemplate": false,
    "count": 0,
    "updated": 0
  },
  {
    "id": "ee5c2d44-b293-4300-bd29-c1b65eac3f45",
    "data": [
      {
        "text": "다음을 보여줘",
        "userDefined": false
      }
    ],
    "isTemplate": false,
    "count": 1,
    "updated": 0
  },
  {
    "id": "8d92fab0-9370-497b-b577-87603a0184bd",
    "data": [
      {
        "text": "다음 페이지를 보여줘",
        "userDefined": false
      }
    ],
    "isTemplate": false,
    "count": 0,
    "updated": 0
  },
  {
    "id": "9a0afe23-6aac-4847-a765-a8b1b19083d6",
    "data": [
      {
        "text": "앞으로",
        "userDefined": false
      }
    ],
    "isTemplate": false,
    "count": 0,
    "updated": 0
  },
  {
    "id": "65eb2e85-8852-4191-8c48-caab69ecf25d",
    "data": [
      {
        "text": "다음 결과를 보여줘",
        "userDefined": false
      }
    ],
    "isTemplate": false,
    "count": 0,
    "updated": 0
  },
  {
    "id": "1329bf2f-d47c-4a4b-ab28-33a89c873c77",
    "data": [
      {
        "text": "다음 결과를 읽어줘",
        "userDefined": false
      }
    ],
    "isTemplate": false,
    "count": 0,
    "updated": 0
  },
  {
    "id": "57844d35-b93e-4381-90da-44613cd8676b",
    "data": [
      {
        "text": "다음으로 이동",
        "userDefined": false
      }
    ],
    "isTemplate": false,
    "count": 0,
    "updated": 0
  }
]