[
  {
    "id": "d19451cd-d4d2-4777-a4b0-d76c93939702",
    "data": [
      {
        "text": "yes",
        "userDefined": false
      }
    ],
    "isTemplate": false,
    "count": 0,
    "updated": 0
  },
  {
    "id": "7f8856a3-f1ac-4d90-a3da-9a49f21a8e45",
    "data": [
      {
        "text": "응",
        "userDefined": false
      }
    ],
    "isTemplate": false,
    "count": 0,
    "updated": 0
  },
  {
    "id": "27a894be-e147-47c9-95c2-0e059814e9a3",
    "data": [
      {
        "text": "ㅇㅇ",
        "userDefined": false
      }
    ],
    "isTemplate": false,
    "count": 0,
    "updated": 0
  },
  {
    "id": "d18adb4e-e140-4fef-8a4f-ce67bf626138",
    "data": [
      {
        "text": "시작하자",
        "userDefined": false
      }
    ],
    "isTemplate": false,
    "count": 0,
    "updated": 0
  },
  {
    "id": "ae4c6499-0928-416e-b0fc-e3e19a766d81",
    "data": [
      {
        "text": "그래",
        "userDefined": false
      }
    ],
    "isTemplate": false,
    "count": 1,
    "updated": 0
  },
  {
    "id": "38007742-c3f6-4439-82f1-8769b63bc9d3",
    "data": [
      {
        "text": "다음",
        "userDefined": false
      }
    ],
    "isTemplate": false,
    "count": 0,
    "updated": 0
  },
  {
    "id": "fd32a0c1-5967-435e-9602-efaccbefe385",
    "data": [
      {
        "text": "다했어",
        "userDefined": false
      }
    ],
    "isTemplate": false,
    "count": 0,
    "updated": 0
  }
]