[
  {
    "id": "b9f50ed1-3aac-43d5-939b-c05d3b4dbe41",
    "data": [
      {
        "text": "다음 페이지",
        "userDefined": false
      }
    ],
    "isTemplate": false,
    "count": 1,
    "updated": 0
  },
  {
    "id": "9d2f304a-3cc8-4c98-aed4-18edac159b6d",
    "data": [
      {
        "text": "다음 결과",
        "userDefined": false
      }
    ],
    "isTemplate": false,
    "count": 1,
    "updated": 0
  },
  {
    "id": "8cfedf2b-5f07-4cdb-8962-d8004e0182df",
    "data": [
      {
        "text": "다음 페이지로 이동",
        "userDefined": false
      }
    ],
    "isTemplate": false,
    "count": 0,
    "updated": 0
  },
  {
    "id": "41485673-21f9-4fa1-9aeb-ab3199049081",
    "data": [
      {
        "text": "다음",
        "userDefined": false
      }
    ],
    "isTemplate": false,
    "count": 0,
    "updated": 0
  },
  {
    "id": "3d75c9c7-d6db-45a2-ac19-e528c91eddfc",
    "data": [
      {
        "text": "다음을 보여줘",
        "userDefined": false
      }
    ],
    "isTemplate": false,
    "count": 1,
    "updated": 0
  },
  {
    "id": "aea22d35-153a-416b-ad9a-cd82345c1dd9",
    "data": [
      {
        "text": "다음 페이지를 보여줘",
        "userDefined": false
      }
    ],
    "isTemplate": false,
    "count": 0,
    "updated": 0
  },
  {
    "id": "778b8200-a1ba-4ddd-a90c-0478b76e465b",
    "data": [
      {
        "text": "앞으로",
        "userDefined": false
      }
    ],
    "isTemplate": false,
    "count": 0,
    "updated": 0
  },
  {
    "id": "b58a0e43-86a2-4f69-97f0-8993c89ed42f",
    "data": [
      {
        "text": "다음 결과를 보여줘",
        "userDefined": false
      }
    ],
    "isTemplate": false,
    "count": 0,
    "updated": 0
  },
  {
    "id": "0f7a08a0-b3fa-4314-b633-601e5ec77da4",
    "data": [
      {
        "text": "다음 결과를 읽어줘",
        "userDefined": false
      }
    ],
    "isTemplate": false,
    "count": 0,
    "updated": 0
  },
  {
    "id": "0d107515-cb5a-4973-8fbf-eff79fcaf9da",
    "data": [
      {
        "text": "다음으로 이동",
        "userDefined": false
      }
    ],
    "isTemplate": false,
    "count": 0,
    "updated": 0
  }
]