[
  {
    "id": "b8a8f8ee-1b28-4b28-bcbe-776bc87fa9fc",
    "data": [
      {
        "text": "댕장궁",
        "userDefined": false
      }
    ],
    "isTemplate": false,
    "count": 0,
    "updated": 0
  },
  {
    "id": "fbeb8db3-faf5-4c72-a938-67d77f854e78",
    "data": [
      {
        "text": "땐짱꾹",
        "userDefined": false
      }
    ],
    "isTemplate": false,
    "count": 0,
    "updated": 0
  },
  {
    "id": "68036574-09d0-4d03-99ad-75f72b3c6c67",
    "data": [
      {
        "text": "뙨장꾹",
        "userDefined": false
      }
    ],
    "isTemplate": false,
    "count": 0,
    "updated": 0
  },
  {
    "id": "08d44aff-894d-4f68-ba2d-3210c7e69bc9",
    "data": [
      {
        "text": "뙨장국",
        "userDefined": false
      }
    ],
    "isTemplate": false,
    "count": 0,
    "updated": 0
  },
  {
    "id": "4f8ea0a2-b827-46c5-a17a-b4c3bcbb6cc3",
    "data": [
      {
        "text": "된장꾹",
        "userDefined": false
      }
    ],
    "isTemplate": false,
    "count": 0,
    "updated": 0
  },
  {
    "id": "ec855a2d-2246-4dde-ab7a-267d67836c8f",
    "data": [
      {
        "text": "봄동 된장국",
        "userDefined": false
      }
    ],
    "isTemplate": false,
    "count": 0,
    "updated": 0
  },
  {
    "id": "49966d64-8562-4f48-8323-a3ae7ad70a5a",
    "data": [
      {
        "text": "시래기 된장국",
        "userDefined": false
      }
    ],
    "isTemplate": false,
    "count": 0,
    "updated": 0
  },
  {
    "id": "af018a17-2986-4e9a-9088-ff53962d49fc",
    "data": [
      {
        "text": "댕장국",
        "userDefined": false
      }
    ],
    "isTemplate": false,
    "count": 0,
    "updated": 0
  },
  {
    "id": "c0b72163-5bde-44a1-99ca-b81cb9764be7",
    "data": [
      {
        "text": "됭장국",
        "userDefined": false
      }
    ],
    "isTemplate": false,
    "count": 0,
    "updated": 0
  },
  {
    "id": "bf6c8821-314e-4b46-89e9-dc903adcec19",
    "data": [
      {
        "text": "된장국 좋아",
        "userDefined": false
      }
    ],
    "isTemplate": false,
    "count": 0,
    "updated": 0
  },
  {
    "id": "ed38ee57-e5bf-411f-8d69-dc4093bf0323",
    "data": [
      {
        "text": "된장국으로 할래",
        "userDefined": false
      }
    ],
    "isTemplate": false,
    "count": 0,
    "updated": 0
  },
  {
    "id": "84530c45-4084-45ee-a0d4-5a53d5864270",
    "data": [
      {
        "text": "된장국 가자",
        "userDefined": false
      }
    ],
    "isTemplate": false,
    "count": 0,
    "updated": 0
  },
  {
    "id": "682e5e43-2611-49b8-8b64-6c4de9bd6891",
    "data": [
      {
        "text": "된장국",
        "userDefined": false
      }
    ],
    "isTemplate": false,
    "count": 0,
    "updated": 0
  },
  {
    "id": "d3ec8a93-a8c0-473c-800d-f82d08cce285",
    "data": [
      {
        "text": "된장국 먹을래",
        "userDefined": false
      }
    ],
    "isTemplate": false,
    "count": 0,
    "updated": 0
  }
]