[
  {
    "id": "de1b5719-fe5f-4c26-8ae2-ea98c51338b9",
    "data": [
      {
        "text": "미억국",
        "userDefined": false
      }
    ],
    "isTemplate": false,
    "count": 0,
    "updated": 0
  },
  {
    "id": "e3b604d4-5932-444d-adcc-ae0fd4ede551",
    "data": [
      {
        "text": "미욕극",
        "userDefined": false
      }
    ],
    "isTemplate": false,
    "count": 0,
    "updated": 0
  },
  {
    "id": "5a18ff83-15fa-4dc4-aa14-a09152055c3f",
    "data": [
      {
        "text": "미역극",
        "userDefined": false
      }
    ],
    "isTemplate": false,
    "count": 0,
    "updated": 0
  },
  {
    "id": "9ea0af5f-940a-44e7-b7ab-27029a4a1eed",
    "data": [
      {
        "text": "미역국",
        "alias": "food_list",
        "meta": "@food_list",
        "userDefined": false
      },
      {
        "text": "으로 가자",
        "userDefined": false
      }
    ],
    "isTemplate": false,
    "count": 0,
    "updated": 0
  },
  {
    "id": "6425775f-6127-42b7-b88d-02bc82911ff7",
    "data": [
      {
        "text": "미역국",
        "alias": "food_list",
        "meta": "@food_list",
        "userDefined": false
      },
      {
        "text": " 먹고싶어",
        "userDefined": false
      }
    ],
    "isTemplate": false,
    "count": 0,
    "updated": 0
  },
  {
    "id": "a25f65c0-4b90-4886-8b1c-fe6310210b8c",
    "data": [
      {
        "text": "미역국",
        "alias": "food_list",
        "meta": "@food_list",
        "userDefined": false
      },
      {
        "text": " 먹을래",
        "userDefined": false
      }
    ],
    "isTemplate": false,
    "count": 0,
    "updated": 0
  },
  {
    "id": "920fbf7f-d41b-4c7f-830b-e3ae09e59e7e",
    "data": [
      {
        "text": "미역국",
        "alias": "food_list",
        "meta": "@food_list",
        "userDefined": false
      },
      {
        "text": " 하자",
        "userDefined": false
      }
    ],
    "isTemplate": false,
    "count": 0,
    "updated": 0
  },
  {
    "id": "524c5acc-0e01-4d1f-bf4e-e6b3eca0151d",
    "data": [
      {
        "text": "미역국",
        "alias": "food_list",
        "meta": "@food_list",
        "userDefined": false
      },
      {
        "text": " 할래",
        "userDefined": false
      }
    ],
    "isTemplate": false,
    "count": 0,
    "updated": 0
  },
  {
    "id": "539268c2-9a1c-4dd4-a2ca-2d6318702440",
    "data": [
      {
        "text": "닭고기 ",
        "userDefined": false
      },
      {
        "text": "미역국",
        "alias": "food_list",
        "meta": "@food_list",
        "userDefined": false
      }
    ],
    "isTemplate": false,
    "count": 0,
    "updated": 0
  },
  {
    "id": "1d3db546-deb0-4544-abf4-a2fe56329a8e",
    "data": [
      {
        "text": "미역국",
        "alias": "food_list",
        "meta": "@food_list",
        "userDefined": false
      }
    ],
    "isTemplate": false,
    "count": 0,
    "updated": 0
  }
]